1638753318.411568,0x2,0,0,0,8,XMg7XwcAAAA=
1638753319.180108,0x2,0,0,0,8,WviRWAcAAAA=
1638753319.930107,0x2,0,0,0,8,XPiRXwcAAAA=
1638753320.690116,0x2,0,0,0,8,WbiRXwcAAAA=
1638753321.441934,0x2,0,0,0,8,U/iRWQcAAAA=
1638753322.200216,0x2,0,0,0,8,WfiRWwcAAAA=
1638753322.960107,0x2,0,0,0,8,XfiRXwcAAAA=
1638753323.716727,0x2,0,0,0,8,WPiRXwcAAAA=
1638753324.480107,0x2,0,0,0,8,XoiRXwcAAAA=
1638753325.240108,0x2,0,0,0,8,W/iRXwcAAAA=
1638753326.000107,0x2,0,0,0,8,WaiRXwcAAAA=
1638753326.760127,0x2,0,0,0,8,X9iRXwcAAAA=
1638753327.520106,0x2,0,0,0,8,XviRXwcAAAA=
1638753328.270107,0x2,0,0,0,8,XfiRWwcAAAA=
1638753329.027186,0x2,0,0,0,8,X/iRXQcAAAA=
1638753329.790099,0x2,0,0,0,8,VPiRXwcAAAA=
1638753330.541394,0x2,0,0,0,8,VviRXwcAAAA=
1638753331.298647,0x2,0,0,0,8,XIiRXwcAAAA=
1638753332.060113,0x2,0,0,0,8,X/iPXgcAAAA=
1638753332.82012,0x2,0,0,0,8,W/iRXwcAAAA=
1638753333.580104,0x2,0,0,0,8,WPiRXwcAAAA=
1638753334.340108,0x2,0,0,0,8,UoiRXwcAAAA=
1638753335.091037,0x2,0,0,0,8,U6iRXwcAAAA=
1638753335.860107,0x2,0,0,0,8,WIiRWwcAAAA=
1638753336.610119,0x2,0,0,0,8,XpiRXgcAAAA=
1638753337.368212,0x2,0,0,0,8,XviRXwcAAAA=
1638753338.130106,0x2,0,0,0,8,X/iRVwcAAAA=
1638753338.88274,0x2,0,0,0,8,XEiRXwcAAAA=
1638753339.650119,0x2,0,0,0,8,XSiRXwcAAAA=
1638753340.394631,0x2,0,0,0,8,WfiRXwcAAAA=
1638753341.152957,0x2,0,0,0,8,W7iRXwcAAAA=
1638753341.910109,0x2,0,0,0,8,WbiRXAcAAAA=
1638753342.667332,0x2,0,0,0,8,WPiPXAcAAAA=
1638753343.430108,0x2,0,0,0,8,WviRXwcAAAA=
1638753344.180117,0x2,0,0,0,8,W5iRXQcAAAA=
1638753344.940107,0x2,0,0,0,8,XPiRXgcAAAA=
1638753345.700107,0x2,0,0,0,8,X0iRXwcAAAA=
1638753346.444168,0x2,0,0,0,8,WuiRXwcAAAA=
1638753347.200108,0x2,0,0,0,8,W+iRXwcAAAA=
1638753347.960107,0x2,0,0,0,8,WJiRXwcAAAA=
1638753348.710107,0x2,0,0,0,8,VfiRWwcAAAA=
1638753349.470106,0x2,0,0,0,8,XKiRXwcAAAA=
1638753350.22343,0x2,0,0,0,8,W/iRXwcAAAA=
1638753350.990106,0x2,0,0,0,8,WKiRXAcAAAA=
1638753351.738886,0x2,0,0,0,8,VMiRXwcAAAA=
1638753352.500101,0x2,0,0,0,8,W6iRXwcAAAA=
1638753353.253367,0x2,0,0,0,8,X4iRXwcAAAA=
1638753354.020106,0x2,0,0,0,8,XfiRXwcAAAA=
1638753354.780105,0x2,0,0,0,8,UfiRXwcAAAA=
1638753355.530132,0x2,0,0,0,8,WdiRXwcAAAA=
1638753356.290107,0x2,0,0,0,8,X/iRXgcAAAA=
1638753357.040119,0x2,0,0,0,8,X3iRXgcAAAA=
1638753357.79807,0x2,0,0,0,8,WviRXwcAAAA=
1638753358.558136,0x2,0,0,0,8,VZiRVgcAAAA=
1638753359.312643,0x2,0,0,0,8,WMiRXAcAAAA=
1638753360.080108,0x2,0,0,0,8,XviRXwcAAAA=
1638753360.840106,0x2,0,0,0,8,UqiRXgcAAAA=
1638753361.600118,0x2,0,0,0,8,VGiRXwcAAAA=
1638753362.350106,0x2,0,0,0,8,WPiRVwcAAAA=
1638753363.11012,0x2,0,0,0,8,WMiRXwcAAAA=
1638753363.870108,0x2,0,0,0,8,WfiRXwcAAAA=
1638753364.630125,0x2,0,0,0,8,X7iRXwcAAAA=
1638753365.390092,0x2,0,0,0,8,WtiRXwcAAAA=
1638753366.140108,0x2,0,0,0,8,XSiRXwcAAAA=
1638753366.900117,0x2,0,0,0,8,XdiRVwcAAAA=
1638753367.660107,0x2,0,0,0,8,V/iRXQcAAAA=
1638753368.420107,0x2,0,0,0,8,WFiRXQcAAAA=
1638753369.170105,0x2,0,0,0,8,VeiRXgcAAAA=
1638753369.930108,0x2,0,0,0,8,X7iRXQcAAAA=
1638753370.687518,0x2,0,0,0,8,XliRXQcAAAA=
1638753371.44651,0x2,0,0,0,8,V5iRXQcAAAA=
1638753372.210107,0x2,0,0,0,8,VNiRXgcAAAA=
1638753372.960104,0x2,0,0,0,8,W9iRXwcAAAA=
1638753373.720119,0x2,0,0,0,8,V+iRXwcAAAA=
1638753374.480122,0x2,0,0,0,8,WTiRVwcAAAA=
1638753375.22873,0x2,0,0,0,8,XUiRXwcAAAA=
1638753375.982354,0x2,0,0,0,8,XtiRXwcAAAA=
1638753376.740099,0x2,0,0,0,8,WviRXwcAAAA=
1638753377.500104,0x2,0,0,0,8,XfiRXwcAAAA=
1638753378.260106,0x2,0,0,0,8,W8iRXwcAAAA=
1638753379.020106,0x2,0,0,0,8,XYiRXAcAAAA=
1638753379.780107,0x2,0,0,0,8,XviRWgcAAAA=
1638753380.540104,0x2,0,0,0,8,VIiRVwcAAAA=
1638753381.290229,0x2,0,0,0,8,XsiRXwcAAAA=
1638753382.050108,0x2,0,0,0,8,X/iRXwcAAAA=
1638753382.810105,0x2,0,0,0,8,XOiRXwcAAAA=
1638753383.568647,0x2,0,0,0,8,VPiRXQcAAAA=
1638753384.327178,0x2,0,0,0,8,XdiRXgcAAAA=
1638753385.086416,0x2,0,0,0,8,UuiRXwcAAAA=
1638753385.850117,0x2,0,0,0,8,X9iRXwcAAAA=
1638753386.61012,0x2,0,0,0,8,V5iRXwcAAAA=
1638753387.36033,0x2,0,0,0,8,XPiRWQcAAAA=
1638753388.116554,0x2,0,0,0,8,X/iPXwcAAAA=
1638753388.88012,0x2,0,0,0,8,WfiPXwcAAAA=
1638753389.630106,0x2,0,0,0,8,W+iRWwcAAAA=
1638753390.390108,0x2,0,0,0,8,VviRXwcAAAA=
1638753391.150108,0x2,0,0,0,8,X5iRXgcAAAA=
1638753391.910116,0x2,0,0,0,8,WfiRXAcAAAA=
1638753392.659716,0x2,0,0,0,8,WIiRWAcAAAA=
1638753393.414899,0x2,0,0,0,8,UviRXwcAAAA=
1638753394.180106,0x2,0,0,0,8,VviPXQcAAAA=
1638753394.940106,0x2,0,0,0,8,X7iRXAcAAAA=
1638753395.700107,0x2,0,0,0,8,WciRXQcAAAA=
1638753396.460106,0x2,0,0,0,8,U7iRXAcAAAA=
1638753397.205456,0x2,0,0,0,8,VZiRWQcAAAA=
1638753397.970107,0x2,0,0,0,8,WtiRWwcAAAA=
1638753398.722897,0x2,0,0,0,8,WHiRXwcAAAA=
1638753399.490099,0x2,0,0,0,8,XKiRWQcAAAA=
1638753400.240558,0x2,0,0,0,8,VqiRXwcAAAA=
1638753401.000107,0x2,0,0,0,8,WJiRWwcAAAA=
1638753401.76012,0x2,0,0,0,8,V/iRXQcAAAA=
1638753402.520106,0x2,0,0,0,8,WsiRXwcAAAA=
1638753403.280108,0x2,0,0,0,8,VviRXwcAAAA=
1638753404.027425,0x2,0,0,0,8,WviRXwcAAAA=
1638753404.785974,0x2,0,0,0,8,XPiRXwcAAAA=
1638753405.550106,0x2,0,0,0,8,WIiRVwcAAAA=
1638753406.310107,0x2,0,0,0,8,X/iPXwcAAAA=
1638753407.070107,0x2,0,0,0,8,W2iRXwcAAAA=
1638753407.830106,0x2,0,0,0,8,XGiRWgcAAAA=
1638753408.590118,0x2,0,0,0,8,UfiRXwcAAAA=
1638753409.340104,0x2,0,0,0,8,WPiRWgcAAAA=
1638753410.096838,0x2,0,0,0,8,W/iRXwcAAAA=
1638753410.860107,0x2,0,0,0,8,VciRXwcAAAA=
1638753411.615416,0x2,0,0,0,8,V2iRXwcAAAA=
1638753412.373256,0x2,0,0,0,8,XfiRXwcAAAA=
1638753413.12662,0x2,0,0,0,8,V+iRXwcAAAA=
1638753413.890119,0x2,0,0,0,8,X9iRXQcAAAA=
1638753414.640104,0x2,0,0,0,8,UCiRXwcAAAA=
1638753415.393205,0x2,0,0,0,8,X+iRXwcAAAA=
1638753416.148756,0x2,0,0,0,8,X/iRXwcAAAA=
1638753416.910119,0x2,0,0,0,8,ULiRXwcAAAA=
1638753417.670106,0x2,0,0,0,8,V/iRXgcAAAA=
1638753418.430106,0x2,0,0,0,8,X/iRXQcAAAA=
1638753419.190118,0x2,0,0,0,8,W/iRXwcAAAA=
1638753419.950107,0x2,0,0,0,8,WtiRXwcAAAA=
1638753420.700104,0x2,0,0,0,8,VfiRXAcAAAA=
1638753421.458652,0x2,0,0,0,8,X/iRXwcAAAA=
1638753422.220105,0x2,0,0,0,8,WoiRXwcAAAA=
1638753422.980106,0x2,0,0,0,8,WviRXwcAAAA=
1638753423.740107,0x2,0,0,0,8,V/iRXwcAAAA=
1638753424.500106,0x2,0,0,0,8,VPiRXwcAAAA=
1638753425.249659,0x2,0,0,0,8,WeiRXwcAAAA=
1638753426.010104,0x2,0,0,0,8,V/iRXwcAAAA=
1638753426.76764,0x2,0,0,0,8,U7iRXwcAAAA=
1638753427.530099,0x2,0,0,0,8,XciRXAcAAAA=
1638753428.290107,0x2,0,0,0,8,V9iRXwcAAAA=
1638753429.050106,0x2,0,0,0,8,XdiRXwcAAAA=
1638753429.810107,0x2,0,0,0,8,X1iRXwcAAAA=
1638753430.57013,0x2,0,0,0,8,XFiRXwcAAAA=
1638753431.330106,0x2,0,0,0,8,WdiRXgcAAAA=
1638753432.090107,0x2,0,0,0,8,X1iRXwcAAAA=
1638753432.839228,0x2,0,0,0,8,VmiRXwcAAAA=
1638753433.600119,0x2,0,0,0,8,WniRXwcAAAA=
1638753434.360108,0x2,0,0,0,8,VniRWQcAAAA=
1638753435.120122,0x2,0,0,0,8,P+iRXwcAAAA=
1638753435.870106,0x2,0,0,0,8,W/iRWgcAAAA=
1638753436.630118,0x2,0,0,0,8,WPiRWwcAAAA=
1638753437.390107,0x2,0,0,0,8,XDiRXwcAAAA=
1638753438.143793,0x2,0,0,0,8,XkiRXwcAAAA=
1638753438.905638,0x2,0,0,0,8,XViRXAcAAAA=
1638753439.668603,0x2,0,0,0,8,X/iRWwcAAAA=
1638753440.419242,0x2,0,0,0,8,XxiRWgcAAAA=
1638753441.179768,0x2,0,0,0,8,WFiRXwcAAAA=
1638753441.940119,0x2,0,0,0,8,XNiRXQcAAAA=
1638753442.700106,0x2,0,0,0,8,X/iRXwcAAAA=
1638753443.460106,0x2,0,0,0,8,W9iRXwcAAAA=
1638753444.220121,0x2,0,0,0,8,XfiRWgcAAAA=
1638753444.980106,0x2,0,0,0,8,WYiRXwcAAAA=
1638753445.730093,0x2,0,0,0,8,VXiRXwcAAAA=
1638753446.490118,0x2,0,0,0,8,WiiRXwcAAAA=
1638753447.249185,0x2,0,0,0,8,WMiRXAcAAAA=
1638753448.010104,0x2,0,0,0,8,TziRVgcAAAA=
1638753448.77012,0x2,0,0,0,8,X9iRXwcAAAA=
1638753449.530118,0x2,0,0,0,8,XfiRXwcAAAA=
1638753450.290107,0x2,0,0,0,8,P1iRWgcAAAA=
1638753451.050112,0x2,0,0,0,8,WviRXAcAAAA=
1638753451.802496,0x2,0,0,0,8,X9iRXwcAAAA=
1638753452.570106,0x2,0,0,0,8,X1iRXwcAAAA=
1638753453.320104,0x2,0,0,0,8,WviRWwcAAAA=
1638753454.080106,0x2,0,0,0,8,VPiRXQcAAAA=
1638753454.840104,0x2,0,0,0,8,W/iRXwcAAAA=
1638753455.600107,0x2,0,0,0,8,X/iRWwcAAAA=
1638753456.360107,0x2,0,0,0,8,V8iRXQcAAAA=
1638753457.110718,0x2,0,0,0,8,X/iRXwcAAAA=
1638753457.870108,0x2,0,0,0,8,W/iRXwcAAAA=
1638753458.630119,0x2,0,0,0,8,WeiRXwcAAAA=
1638753459.390106,0x2,0,0,0,8,V/iRXwcAAAA=
1638753460.150107,0x2,0,0,0,8,WMiRWQcAAAA=
1638753460.910106,0x2,0,0,0,8,UuiRXwcAAAA=
1638753461.670107,0x2,0,0,0,8,X6iRXwcAAAA=
1638753462.430095,0x2,0,0,0,8,WfiPXwcAAAA=